cliente;saldo;historico;soma_pontos;uso_pontos;expirado;avista;soma_avista;aprazo;soma_aprazo;soma_pontualidade
7;3673;15673;12024;12000;485;27;304;48;6487;598
6;3434;27434;1500;0;2734;28;0;14;0;0
5;3235;30235;13491;9000;0;45;292;168;7684.7;1138
8;2467;8467;0;0;2311;4;0;25;0;0
9;2924;29924;6319;6000;0;5;0;73;3468;651
3;1000;1000;0;0;1000;0;0;6;0;0
10;1000;1000;0;0;1000;0;0;10;0;0
4;1000;1000;0;0;1000;0;0;3;0;0
2;1283;1283;0;0;1283;2;0;4;0;0
1;2095;2095;0;0;2095;0;0;10;0;0
